,NAME,ADDR_STREET,ADDR_POSTCODE,PHONE,SPORT,WEBSITE,EMAIL,OPENING_HOURS,normalized_postcode
0,Blairgowrie Community Campus,,,,,,,,NAN
1,Aubigny Sports Centre,Mill Wynd,EH41 4DB,+44 1620 820 650,swimming; dancing; gym; 5-a-side; basketball; badminton; gymnastics; judo; karate,https://www.enjoyleisure.com/Centre.aspx?comp_id=2,aubignysports@enjoyleisure.com,"Mo,We,Fr 07:00-22:00; Tu,Th 09:00-22:00; Sa,Su 09:00-19:00",EH414DB
2,Midlothian Ski Centre (Hillend),,,,skiing,,,,NAN
3,University of St Andrews Sports Centre,,,,,,,,NAN
4,Beacon Centre,Kepplehills Road,AB21 9DG,+44 1224 214488,netball;gymnastics;badminton,https://www.sportaberdeen.co.uk/get-active-beacon,BeaconCentre@sportaberdeen.co.uk,Mo-Fr 09:00-22:00; Sa-Su 09:00-17:00,AB219DG
5,Bucksburn Swimming Pool,Kepplehills Road,AB21 9DG,+44 1224 507757,swimming,https://www.sportaberdeen.co.uk/bucksburn-swimming-pool,BucksburnSwimmingPool@sportaberdeen.co.uk,Mo 06:00-21:45; Tu 06:00-21:00; We 06:00-20:30; Th 06:00-21:45; Fr 06:00-21:00; Sa 07:00-16:30; Su 08:00-19:00,AB219DG
6,Greenock Sports Centre,,,,,,,,NAN
7,Greenock Sports Centre,,,,,,,,NAN
8,Garscube Sports Complex,,,,,https://www.gla.ac.uk/myglasgow/sport/facilities/garscube/,,,NAN
9,Garscube Sports Complex,,,,,https://www.gla.ac.uk/myglasgow/sport/facilities/garscube/,,,NAN
10,UKPaintball Kilmarnock,,,,paintball,,,,NAN
11,UKPaintball Kilmarnock,,,,paintball,,,,NAN
12,UKPaintball Kilmarnock,,,,paintball,,,,NAN
13,Kilwinning Sports Club,,,,soccer,,,,NAN
14,Xcite Bathgate,Torphichen Road,EH48 4LA,,,https://www.westlothianleisure.com/venues/xcite/xcite-bathgate/,,,EH484LA
15,Queensferry Sports & Community Hub,,,,swimming,,,,NAN
16,Meadows Tennis,,,+44 131 443 0101,tennis,https://www.edinburghleisure.co.uk/venues/meadows-tennis/,,,NAN
17,Dowanhill Tennis Club,,,,tennis,,,,NAN
18,Meadowbank Sports Centre,London Road,EH7 6AE,,soccer;athletics,https://www.edinburghleisure.co.uk/venues/meadowbank-sports-centre,,,EH76AE
19,Royal Commonwealth Pool,Dalkeith Road,EH16 5BB,+44 131 667 7211,swimming,https://www.edinburghleisure.co.uk/venues/royal-commonwealth-pool,,Mo-Fr 05:30-22:00; Sa 05:30-20:00; Su 07:30-20:00,EH165BB
20,Ainslie Park,,,,soccer,,,,NAN
21,Jack Kane Sports Centre,Niddrie Mains Road,EH16 4ND,,multi,https://www.edinburghleisure.co.uk/venues/jack-kane-sports-centre,,,EH164ND
22,Glasgow Club Gorbals,,,,multi,,,,NAN
23,Troon Lawn Tennis Club,,,,,,,,NAN
24,Xtreme Karting Edinburgh,,,,karting,https://xtremekarting.co.uk/,,,NAN
25,Whifflet Bowling Club,Bute Street,ML5 4HF,,bowls,,,,ML54HF
26,Coatbridge Outdoor Sports Centre,,,,,,,,NAN
27,Lochfield Bowling Club,,,,bowls,,,,NAN
28,University of Edinburgh Sports Centre,,,,,,,,NAN
29,Strathclyde Park Sports centre,,,,,,,,NAN
30,Burnbank Bowling Club,,,+44 141 564 1359,bowls,https://burnbankbowlingclub.wordpress.com/,,,NAN
31,Gracemount Leisure Centre,,,,swimming;badminton;fitness,https://www.edinburghleisure.co.uk/venues/gracemount-leisure-centre/,,"Mo-Fr 06:30-21:00; Sa,Su 09:00-17:00",NAN
32,Coatbridge Indoor Bowling Centre,Quarry Street,ML5 3PU,,bowls,,,,ML53PU
33,East Sands Leisure Centre,,,,swimming,,,,NAN
34,David Lloyd Clubs,,,,,,,,NAN
35,Sports & Exercise Centre,,,,,,,,NAN
36,Sports Academy,,,,soccer,,,,NAN
37,Firhill Complex,,,,,,,,NAN
38,Tumbles at Portobello Gymnastics and Softplay Centre,,,,,,,,NAN
39,Abercorn Sports Club,,,,,,,,NAN
40,,,,,,,,,NAN
41,Kilsyth Swimming Pool,Airdrie Road,G65 9JE,,swimming,,,,G659JE
42,Portobello Swim Centre,,,,swimming,,,,NAN
43,Edinburgh Sports Club,Belford Place,,,,https://www.edinburghsportsclub.co.uk/,,,NAN
44,Crownpoint Sports Centre,,,,,,,,NAN
45,Galleon Sports Centre,,,,,,,,NAN
46,Edinburgh International Climbing Arena,,,,climbing,,,Mo-Fr 08:00-22:00;Sa-Su 09:00-18:00,NAN
47,,,,,swimming,,,,NAN
48,Meadows Sports Centre,Meadows Way,AB41 9QJ,,,,,,AB419QJ
49,Jock Stein Sports Centre,,,,multi,,,,NAN
50,North Lodge Park,,,,soccer,,,,NAN
51,Glasgow Hutchesons Aloysians(GHA) Rugby Club,,,,,,,,NAN
52,Petershill Park,,,,,,,,NAN
53,Clickimin Leisure Centre,,,,,,,,NAN
54,Scottish Rowing Centre,,,,rowing,,,,NAN
55,John Smith Pool,Stirling Street,ML6 0AH,,swimming,,,,ML60AH
56,Mortonhall Tennis Club,,,,tennis,,,,NAN
57,Glasgow Club Whitehill,,,,swimming,,,,NAN
58,Dean Tennis & Squash Club,,,,tennis;squash,https://thedeanclub.co.uk/,,,NAN
59,Drumbrae Leisure Centre,,,,swimming,https://www.edinburghleisure.co.uk/venues/drumbrae-leisure-centre,,,NAN
60,Craiglockhart Tennis Centre,,,,tennis,https://www.edinburghleisure.co.uk/venues/craiglockhart-leisure-tennis-centre,,,NAN
61,Craiglockhart Tennis Courts,,,,tennis,,,,NAN
62,St Monans seawater swimming pool,,,,swimming,,,,NAN
63,Loch Ness Gun Club,,,,shooting,,,,NAN
64,David Lloyd Clubs,Newhaven Place,EH6 4TX,,,https://www.davidlloyd.co.uk/clubs/edinburgh-newhaven-harbour,,,EH64TX
65,,,,,swimming,,,,NAN
66,Westwoods,,,,,,,,NAN
67,,,,,,,,,NAN
68,Craigswood Sports Centre,,,,,,,,NAN
69,,,,,petanque;tennis,,,,NAN
70,Broughty Castle Bowling Club,,,,bowls,,,,NAN
71,Ainslie Park Leisure Centre,,,,swimming,,,,NAN
72,Grangemouth Sports Complex,Abbots Road,FK3 8JB,,swimming;fitness;cycling;soft_play;badminton;mini_tennis;basketball;darts,http://www.falkirkcommunitytrust.org/venues/grangemouth-sports-complex/,,,FK38JB
73,Midlothian Snowsports Centre,,,,skiing,,,"Mo-Fr 09:30-21:00; Sa,Su 09:30-19:00",NAN
74,Blairgowrie Recreation Centre,,,,,,,,NAN
75,Aquatec Motherwell,Menteith Street,ML1 1AZ,,swimming,,,,ML11AZ
76,Linlithgow Leisure Centre,,,,swimming,,,,NAN
77,Kettilstoun Mains Football Pavilion,,,,,,,,NAN
78,Bell's Sports Centre,Hay Street,PH1 5HS,,,,,,PH15HS
79,Perth Leisure Pool,Glasgow Road,PH2 0HZ,,swimming,,,,PH20HZ
80,Dewar's Rinks,Glover Street,PH2 0TH,,ice_skating; curling,http://www.dewarscentre.co.uk/,,,PH20TH
81,Ionad Spòrs Leòdhais,,,,swimming,https://www.cne-siar.gov.uk/isl/,,,NAN
82,Alien Rock,Pier Place,,+44 131 552 7211,climbing,https://www.alienrock.co.uk/,,,NAN
83,Goals,,,,soccer,https://www.goalsfootball.co.uk/,,,NAN
84,Loch Leven Leisure Centre,,,,,,,,NAN
85,North Berwick Sports Centre,Grange Road,EH39 4QS,,fitness;swimming;soccer;trampoline,https://www.enjoyleisure.com/Centre.aspx?comp_id=3,,,EH394QS
86,,,,,swimming,,,,NAN
87,Spireroxx,,,,climbing,http://spireroxx.co.uk/,,,NAN
88,,,,,tennis,,,,NAN
89,Moray Leisure Centre,Boroughbriggs Road,IV30 1AP,,swimming;ice_skating;fitness,,,,IV301AP
90,,,,,,,,,NAN
91,Total E&P UK Leisure Centre,,,,,,,,NAN
92,Lochbroom Leisure Centre,,,,,,,,NAN
93,,,,,water_sports,,,,NAN
94,Kirkliston Leisure Centre,,,,,,,,NAN
95,Montrose Swimming Pool and Sports Centre,Marine Avenue,,,swimming,,,,NAN
96,Unst Leisure Centre,,,,soccer;netball;badminton;squash;swimming;fitness_centre;bowling,,,,NAN
97,Uddingston Cricket Club and Sports Centre,,,,,,,,NAN
98,Uddingston Bowls and Tennis Club,,,,,,,,NAN
99,Westhill Swimming Pool,Hay's Way,AB32 6XZ,+44 1224 472872,fitness,https://www.livelifeaberdeenshire.org.uk/sport-and-physical-activity/venues/westhill-swimming-pool/,westhill.swimmingpool@aberdeenshire.gov.uk,"Mo,We 09:30-21:00; Tu,Th 06:00-21:00; Fr 09:30-20:45; Sa 07:15-17:30; Su 10:00-16:00",AB326XZ
100,The Pickaquoy Centre,,,,,,,,NAN
101,,,,,swimming,,,,NAN
102,Northfield Bowling Complex,,,,bowls,,,,NAN
103,Kirkintilloch Leisure Centre,,,,,,,,NAN
104,Glenogle Swim Centre,Glenogle Road,EH3 5JB,+44 131 343 6376,swimming,https://www.edinburghleisure.co.uk/venues/glenogle-swim-centre,,Mo-Fr 07:00-22:00; Sa-Su 08:00-16:00,EH35JB
105,Station Gymnasium,,,,multi,,,,NAN
106,Cranhill Beacon,Bellrock Street,G33 3LZ,,,,,,G333LZ
107,Scotstoun Leisure Centre,Danes Drive,G14 9HD,,multi;swimming;tennis,,,Mo-Fr 06:00-22:00; Sa 08:00-18:00;Su 08:00-20:00,G149HD
108,Ashgill Recreation Centre,,,,,,,,NAN
109,Ballerup Sports Centre,,,,,,,,NAN
110,National Swimming Academy,,,,swimming,,,,NAN
111,Gannochy Sports Centre,,,,,,,,NAN
112,Glasgow Club Tollcross,Tollcross Road,G32 7QR,,fitness;swimming;badminton;table_tennis,,,Mo-Fr 06:00-22:00; Sa 08:00-18:00; Su 08:00-20:00,G327QR
113,Dollan Aqua Centre,,,,swimming,,,,NAN
114,,,,,swimming,,,,NAN
115,TeamSport Go Karting Glasgow,Westburn Rd,G72 7UD,,karting,https://www.team-sport.co.uk/go-kart-tracks/glasgow-cambuslang,,,G727UD
116,,,,,multi,,,,NAN
117,Outdoor Education,,,,multi,,,,NAN
118,,,,,multi,,,,NAN
119,School Leisure Centre,,,,,,,,NAN
120,Clydeway Golf Range,Blantyre Farm Road,G71 7RN,+44 141 641 8899,golf,,,,G717RN
121,Bearsden Snowsports Club,Stockiemuir Road,G61 3RS,+44 141 943 1500,skiing,https://www.skibearsden.co.uk,info@skibearsden.co.uk,,G613RS
122,,,,,,,,,NAN
123,Leith Franklin Academicals Beige Cricket Club,Leith Links,EH6 7QR,+44 131 554 5832,cricket,http://leithfabcricketclub.com/,,,EH67QR
124,Brechin Leisure Centre,,,,,,,,NAN
125,RBS Health & Wellbeing,,,,,,,,NAN
126,Coalburn Leisure Centre,,,,swimming,,,,NAN
127,Bowmar Centre,,,,,,,,NAN
128,Princess Louise Hall,,,,,,,,NAN
129,,,,,motocross,,,,NAN
130,East Calder Sports Centre,,,,,,,,NAN
131,Hamilton Park,,,,horse_racing,https://hamilton-park.co.uk/,,,NAN
132,Hamilton Palace Sports Grounds,Palace Grounds Road,ML3 6EF,,soccer;tennis;cricket,,,,ML36EF
133,Carluke Leisure Centre,Carnwath Road,,,swimming,,,,NAN
134,Loch Park,,,,soccer,,,,NAN
135,Lauder Leisure Centre,,,,multi,,,,NAN
136,Blantyre Leisure Centre,,,,,,,,NAN
137,Teviotdale Leisure Centre,Mansfield Road,TD9 8AG,,swimming;bowls;squash;gymnastics,,,,TD98AG
138,The Nevis Centre,An Aird,PH33 6AN,+44 1397 700707,,https://www.neviscentre.co.uk/,,,PH336AN
139,Mallaig & District Swimming Pool,,,,,,,,NAN
140,,,,,,,,,NAN
141,Hamilton Palace Sports Ground,,,,,,,,NAN
142,Blairwood Park,Blairwood Walk,KY12 9RA,,soccer,,,,KY129RA
143,Dollar Academy Swimming Pool,,,,,,,,NAN
144,,,,,,,,,NAN
145,Dunbar Leisure Pool,,,,swimming,,,,NAN
146,Dumfries Sports Club,,,,,,,,NAN
147,DG One,,,,,,,,NAN
148,David Keswick Athletic Centre,,,,,,,,NAN
149,,,,,,,,,NAN
150,Larkhall Leisure Centre,,,,swimming,,,,NAN
151,,,,,,,,,NAN
152,Fraserburgh Leisure Centre,Seaforth Street,AB43 9BB,,,,,,AB439BB
153,Lochaber Leisure Centre,Belford Road,PH33 6BU,,,,,,PH336BU
154,Power League,,,,,,,,NAN
155,Broomhill Lawn Tennis & Squash Club Clubhouse,Crow Road,G11 7DZ,+44 141 334 2519,tennis;squash,https://broomhill-tennis-squash.co.uk/,,09:00-22:00,G117DZ
156,Laidlaw Memorial Pool,Oxnam Road,TD8 6QH,+44 1835 863430,swimming;fitness,https://laidlawmemorialpool.org.uk/,info.lmp@btconnect.com,Mo-Fr 06:00-20:00; Sa 09:00-12:00; Su 09:00-15:00,TD86QH
157,Douglas Sports Centre,,,,,,,,NAN
158,Auchinloch Bowling Club,,,,bowls,,,,NAN
159,Lynch Sports Centre,,,,,,,,NAN
160,McTaggart Gymnastics Centre,Old Glamis Road,DD3 8LF,+44 1382 438258,gymnastics,https://www.leisureandculturedundee.com/leisure/mctaggart,,,DD38LF
161,Garioch Sports Centre,,,,,,,,NAN
162,Davidson Field Pavilion,,,,soccer,,,,NAN
163,Atlantis Sports & Leisure Centre,,,,,,,,NAN
164,Garioch Rugby Club,,,,,,,,NAN
165,Colony Park,,,,soccer,,,,NAN
166,Inverurie Bowling Club,High Street,AB51 3XQ,,,,,,AB513XQ
167,Cricket Pavilion,,,,,,,,NAN
168,Aqualibrum,Kinloch Road,PA28 6EG,,swimming,,,,PA286EG
169,Peebles Swimming Pool,Port Brae,EH45 8AW,,swimming,,,,EH458AW
170,Bellahouston Leisure Centre,Bellahouston Drive,G52 1HH,,swimming,,,,G521HH
171,Bennachie Leisure Centre,,,,multi,,,,NAN
172,Dunblane Hydro,Perth Road,FK15 0HG,,swimming;fitness,https://www.livingwell.com/clubs/dunblane/,,,FK150HG
173,The Glasgow Climbing Centre,,,,climbing,,,,NAN
174,Joe Paterson Pavilion,,AB15 8BJ,,,,,,AB158BJ
175,Inverness & District Indoor Bowling Club,,IV2 6AA,+44 1463 235550,bowls,,,,IV26AA
176,Dalry Swim Centre,Caledonian Crescent,,,swimming,https://www.edinburghleisure.co.uk/venues/dalry-swim-centre,,Mo-Fr 07:00-22:00; Sa-Su 09:00-18:00,NAN
177,Colinton Castle Sports Club,,,,,,,,NAN
178,Lanark Swimming Pool & Leisure Centre,,,,swimming,,,,NAN
179,Garthdee Ski Centre,,,,,,,,NAN
180,Kelso Orchards Tennis Club,,,,tennis,,,,NAN
181,Kelso Bowling Club,,,,bowls,,,,NAN
182,Kelso Swimming Pool,,,,swimming,,,,NAN
183,Station Park,,,,soccer,,,,NAN
184,David Lloyd Leisure Centre,Garthdee Road,AB10 7AY,,,,,,AB107AY
185,Nairn Sports Centre,,,,,,,,NAN
186,Peterculter Sports Centre,Coronation Road,AB14 0RQ,,,,,,AB140RQ
187,Crail Raceway,,,,motor,https://www.crailraceway.co.uk/,,,NAN
188,Scottish Equi Complex,,,,equestrian,,,,NAN
189,,,,,,,,,NAN
190,Paisley Lagoon Centre,,,,swimming,,,,NAN
191,Inverclyde Indoor Bowling,,,,bowls,,,,NAN
192,Ayr Racecourse,,,,horse_racing,https://www.ayr-racecourse.co.uk/,,,NAN
193,,,,,swimming,,,,NAN
194,Coylton Sports Centre,,,,,,,,NAN
195,Glasgow Club Haghill,,,,multi,,,,NAN
196,Mosset Park,,,,soccer,,,,NAN
197,,,,,,,,,NAN
198,Whitecrook Bowling Club,,,,bowls,,,,NAN
199,Liber8 Health and Leisure,Burnhead Street,,,,,,,NAN
200,Swimming Pool,,,,swimming,,,,NAN
201,Annan Swimming Pool,St John's Road,,,swimming,,,,NAN
202,Vale of Leven Swimming Pool,,,,swimming,,,,NAN
203,Doon Valley Leisure Centre,,,,,,,,NAN
204,Dumyat Community Centre,Main Street East,FK11 7BA,,,,,,FK117BA
205,,,,,,,,,NAN
206,,,,,,,,,NAN
207,,,,,,,,,NAN
208,,,,,,,,,NAN
209,Hamilton Ice Rink,,,,ice_skating;curling;ice_hockey,,,,NAN
210,Galashiels Swimming Pool,Livingstone Place,TD1 1DQ,,swimming,,,,TD11DQ
211,Citadel Leisure Centre,South Harbour Street,KA7 1JB,+44 1292 269793,,https://www.south-ayrshire.gov.uk/leisure/citadel-leisure-centre/,,,KA71JB
212,Carnoustie Leisure Centre,,,,,,,,NAN
213,,,,,equestrian,,,,NAN
214,Arlington Baths,Arlington Street,,,swimming,,,,NAN
215,Glasgow Club North Woodside,Braid Square,G4 9YQ,,swimming;multi,https://www.glasgowlife.org.uk/sport/venues/glasgow-club-north-woodside,,,G49YQ
216,,,,,swimming,,,,NAN
217,Sports Hall,,,,,,,,NAN
218,Bridge 8 Hub,,EH11 4NE,,kayak,,,,EH114NE
219,The Ledge Climbing Gym,,,,climbing,https://www.theledgeclimbing.com/,,,NAN
220,,,,,,,,,NAN
221,Glasgow Club Springburn,,,,multi,,,,NAN
222,Inchmarlo Golf Centre,,,,,,,,NAN
223,,,,,,,,,NAN
224,Hallglen Sports Hall,,,,,,,,NAN
225,Beach Leisure Centre,Beach Boulevard,AB24 5NR,,,,,,AB245NR
226,Nenthorn Equestrian Centre,,,,equestrian,,,,NAN
227,Nenthorn Stables,,,,equestrian,,,,NAN
228,Kelso FC,,,,soccer,,,,NAN
229,Woodlands H.S. Games Hall,,,,multi,,,,NAN
230,Glasgow Club Easterhouse,,,,multi,,,,NAN
231,Water Palace,,,,swimming,,,,NAN
232,Woodend Bowling & Lawn Tennis Club,,,,,,,,NAN
233,Eric Stevenson Sports Centre,,,,,,,,NAN
234,Sir Matt Busby Centre,,,,,,,,NAN
235,Rangers Training Centre,,,,soccer,,,,NAN
236,Stirling Indoor Bowling Centre,Forth Street,FK8 1UE,,bowls,,,,FK81UE
237,Livingston Indoor Bowling Club,Howden South Road,EH54 6WF,,bowls,,,,EH546WF
238,Bishopbriggs Leisuredrome,Balmuildy Road,G64 3HD,,swimming,,,,G643HD
239,,,,,,,,,NAN
240,Lanark Tennis Club,,,,tennis,,,,NAN
241,Victoria Park Bowling Club,,,,bowls,,,,NAN
242,,,,,swimming,,,,NAN
243,Forrester Sports Centre,,,,,,,,NAN
244,Commonwealth Arena,London Road,G40 3HG,+44 141 287 7000,multi,https://www.glasgowlife.org.uk/sport/venues/emirates-arena,commonwealtharena@glasgowlife.org.uk,Mo-Fr 06:00-22:00; Sa 08:00-18:00; Su 08:00-20:00,G403HG
245,Scalloway Pool,,ZE1 0TN,,swimming,,,,ZE10TN
246,Indoor Tennis Courts,,,,,,,,NAN
247,Levenmouth Swimming Pool and Sports Centre,,,,swimming,,,,NAN
248,Beacon Leisure Centre,Lammerlaws Road,KY3 9BS,+44 1592 583383,swimming;fitness,https://www.fifeleisure.org.uk/locations/beacon/,,Mo-Fr 11:00-21:00; Sa-Su 08:00-16:00,KY39BS
249,George Welsh Sports Centre,,,,,,,,NAN
250,West of Scotland Indoor Bowling,,,,bowls,,,,NAN
251,Claggan Park,,,,soccer,,,,NAN
252,Dunoon Leisure Centre,,,,,,,,NAN
253,Hannah Park,,,,,,,,NAN
254,Shotts Leisure Centre,,,,,,,,NAN
255,Shotts Ironworks Bowling Club,,,,bowls,,,,NAN
256,Cambuslang Karting,,,,karting,http://www.cambuslangkarting.com/,,,NAN
257,Milngavie Bowling Club,Station Road,G62 8BY,,bowls,http://www.milngaviebowlingclub.co.uk,,,G628BY
258,,,,,,,,,NAN
259,Celtic FC Football Training Centre,,,,soccer,,,,NAN
260,Broadwood Gymnastics,,,,gymnastics,,,,NAN
261,Broadwood Leisure Centre,,,,,,,,NAN
262,,,,,,,,,NAN
263,Stepps Bowling Club,,,,bowls,,,,NAN
264,Stepps Lawn Tennis Club,,,,tennis,,,,NAN
265,Mariner Centre,Redbrae Road,FK1 4HJ,,swimming;cycling;gym,https://www.falkirkleisureandculture.org/venues/mariner-centre,,,FK14HJ
266,Falkirk Indoor Bowling Club,Redbrae Road,FK1 4HJ,,bowls,https://www.falkirkindoorbowling.co.uk/,,,FK14HJ
267,Blackhill Bowling Club,,,,bowls,,,,NAN
268,Riddrie Bowling Club,,,,bowls,,,,NAN
269,Soccer World,Croftcroighn Road,G33 3SL,,soccer,,,,G333SL
270,Woodlands Community Sports,,,,soccer,,,,NAN
271,Dalgety Bay Squash & Tennis Club,Moray Way South,KY11 9UZ,,squash;tennis,,,,KY119UZ
272,Dalgety Bay Sports & Leisure Centre,Harbour Drive,KY11 9NA,,,https://www.fifeleisure.org.uk/index.cfm/leisure-centres/dalgety-bay/,,,KY119NA
273,Dingwall Leisure Centre,,,,multi,,,,NAN
274,Fraserburgh Community & Sports Center,,,,swimming,,,,NAN
275,,,,,,,,,NAN
276,Playsport,,,,,,,,NAN
277,Polo,,,,,,,,NAN
278,Hub Sports,,,,,,,,NAN
279,Drumchapel Swimming Pool,Drumry Road East,G15 8NS,,swimming,,,,G158NS
280,Falkirk School of Gymnastics,Cow Wynd,FK1 1PU,+44 1324 627 987,gymnastics,http://www.falkirkgym.com/,,,FK11PU
281,Carmyle Bowling club,,,,,,,,NAN
282,Scalloway Primary School Games Hall,,,,multi,,,,NAN
283,Eyemouth Leisure Centre,,,,,,,,NAN
284,West Mainland Leisure Centre,,,,swimming;climbing;badminton,https://www.srt.org.uk/centres/west-mainland,,,NAN
285,Fintry Sports Club,Kippen Road,G63 0YA,,,,,,G630YA
286,Cambuslang Rugby Club,,,,rugby_union,,,,NAN
287,Harmsworth Park,,,,soccer,,,,NAN
288,Victoria Park,,,,soccer,,,,NAN
289,Castlemilk Pool,,,,swimming,,,,NAN
290,Craig MacLean Leisure Centre,,,,,,,,NAN
291,,,,,bowls,,,,NAN
292,Langholm Sports Centre,,,,multi,,,,NAN
293,Webster's Sports Centre,Prosen Road,DD8 5AT,,,,,,DD85AT
294,,,,,equestrian,,,,NAN
295,,,,,equestrian,,,,NAN
296,,,,,tennis,,,,NAN
297,,,,,equestrian,,,,NAN
298,Whitevale Bowling Club,,,,bowls,,,,NAN
299,Earlston Rugby Football Club,,,,rugby_union,,,,NAN
300,,,,,equestrian,,,,NAN
301,Lochalsh Leisure Centre,Main Street,IV40 8AB,,,http://www.lochalshleisure.org.uk/,,,IV408AB
302,,,,,,,,,NAN
303,Aberdeen Sports Village,Linksfield Road,AB24 5RU,4.41224E+11,,https://aberdeensportsvillage.com/,,Mo-Fr 06:30-22:30; Sa-Su 08:30-17:00; PH off,AB245RU
304,Eastcote Archery Centre,,,,archery,,,,NAN
305,,,,,,,,,NAN
306,,,,,equestrian,,,,NAN
307,,,,,equestrian,,,,NAN
308,M C Fitness Solutions,,,,,,,,NAN
309,Glasgow Club Holyrood,,,,multi,,,,NAN
310,Toryglen National Football Centre,,,,soccer,,,,NAN
311,Ardroy Outdoor Education Centre,,,,outdoor_activities,http://www.ardroy-oec.co.uk/,,,NAN
312,,,,,swimming,,,,NAN
313,The Peak,Forthside Way,FK8 1QZ,,ice_skating;swimming;climbing;sauna;badminton;5-a-side;fitness,,,Mo-Fr 06:00-21:00; Sa 07:00-20:00; Su 08:00-20:00,FK81QZ
314,Golf Centre,,,,,,,,NAN
315,Craigwillow Centre,,,,gymnastics,,,,NAN
316,The Meadow Centre,Meadow Road,G82 2AA,,,,,,G822AA
317,UniversityDundee Watersports,,,,,,,,NAN
318,Olympia,East Whale Lane,DD1 3JU,4.41382E+11,swimming,https://www.leisureandculturedundee.com/olympia/pools,olympia@leisureandculturedundee.com,,DD13JU
319,Livingston Letham Bowling Club,,,,bowls,,,,NAN
320,Murrayfield Lawn Tennis Club,,,,tennis,,,,NAN
321,Craiglockhart Leisure Centre,,,,multi,https://www.edinburghleisure.co.uk/venues/craiglockhart-leisure-tennis-centre,,,NAN
322,,,,,tennis,,,,NAN
323,Waterfront Leisure Complex,Custom House Way,PA15 1EW,,multi;swimming,https://www.inverclydeleisure.com/facilities/waterfront-leisure-complex/,,,PA151EW
324,,,,,,,,,NAN
325,Hirsel Golf Club,,,,golf,,,,NAN
326,Eddlewood Bowling Club,Meikle Earnock Road,ML3 8AG,,bowls,,,,ML38AG
327,,Bellevue Road,AB45 1BY,,,,,,AB451BY
328,,,,,,,,,NAN
329,,Ochlochy Park,FK15 0DU,,,,,,FK150DU
330,Dunblane Sports Club,Ochlochy Park,FK15 0DU,,tennis,,,,FK150DU
331,Burnside Bowling Club,,,,,,,,NAN
332,Erskine Leisure Centre,,,,multi,,,,NAN
333,Corunna Bowling Club,,,,,,,,NAN
334,Carnegie Leisure Centre,,,,,,,,NAN
335,,,,,,,,,NAN
336,,,,,,,,,NAN
337,Lochgelly Raceway,,,,motor,,,,NAN
338,Mid-Annandale F.C.,King Edward Park,,,,,,,NAN
339,Inch Park Community Sports Centre,,,,rugby;football;cricket,http://www.inchpark.org,,,NAN
340,Perth Sailing Club,,,,sailing,,,,NAN
341,Midlothian Indoor Bowling Club,,,,bowls,,,,NAN
342,Battle Grounds Paintball,,,,shooting_range,,,,NAN
343,Duns Motocross Track,,,,motocross,,,,NAN
344,Westdyke Leisure Centre,,,+44 1224 743098,multi,https://wdcsh.org/whats-on/westdyke/,westdykeleisure@gmail.com,,NAN
345,Musselburgh Sports Centre,,,,multi,,,,NAN
346,Black Isle Leisure Centre,,IV10 8TJ,,,,,,IV108TJ
347,,,,,,,,,NAN
348,Michael Woods Sports & Leisure Centre,,,,,,,,NAN
349,Balgeddie House Hotel Swimming Pool,,,,swimming,,,,NAN
350,,,,,,,,,NAN
351,Tillydrone Community Centre,Gordon's Mills Road,AB24 2RG,,,,,,AB242RG
352,Ladywood Leisure Centre,,,,,,,,NAN
353,"3, Bothwell Bowling Club",Station Road,,,bowls,,,,NAN
354,Rothesay Leisure Centre,,,,swimming,,,,NAN
355,Hareleeshill Sports Barn,Donaldson Road,ML9 2SS,,,,,,ML92SS
356,,,,,,,,,NAN
357,MACPool Activity Hub,Oban Road,PA31 8NG,,,https://wwe.macpool.org.uk,,,PA318NG
358,Swimming Pool,The Avenue,AB54 4SH,,swimming,,,,AB544SH
359,Pinkston Watersports Centre,,,,canoe,,,,NAN
360,Sutherland Swimming Pool Complex,,,,swimming,,,,NAN
361,Rutherglen Lawn Tennis Club,,,,,,,,NAN
362,Glasgow National Hockey Centre,,,,field_hockey,,,,NAN
363,West Kilbride Bowling Club,Weston Terrace,KA23 9JX,,,,,,KA239JX
364,West Kilbride Bowling Club,,,,bowls,,,,NAN
365,Insch Institute Bowls Club,,,,bowls,,,,NAN
366,Perth Bowling Club,,PH1 5HT,,bowls,http://www.perthbowlingclub.co.uk/,,,PH15HT
367,,,,,fitness,,,,NAN
368,Stromness Swimming Pool and Fitness Centre,North End Road,KW16 3LH,,swimming,https://www.orkney.gov.uk/Service-Directory/S/stromness-swimming-pool-and-fitness-centre.htm,,,KW163LH
369,The Crags Centre,Bowmont Place,EH8 9RY,,basketball,https://www.cragsedinburgh.com/,,,EH89RY
370,Aberdeen Sports Village - Aquatics Centre,Regent Walk,AB24 1SX,4.41224E+11,swimming,https://aberdeensportsvillage.com/,,Mo-Fr 06:30-22:30; Sa-Su 08:30-17:00; PH off,AB241SX
371,,,,,motocross,,,,NAN
372,North Mainland Leisure Centre,,,,,,,,NAN
373,Bothwell Tennis Club,Mill Road,,,tennis,,,,NAN
374,University of Edinburgh Sports Centre,,,,,,,,NAN
375,Squash Court,Castle Avenue,KA23 9QG,,multi,,,,KA239QG
376,The Auchenharvie Centre,,,,,https://kaleisure.com/location/auchenharvie-leisure-centre/,,,NAN
377,Houldsworth Bowling Club,,,,bowls,,,,NAN
378,MacTaggart Leisure Centre,,,4.41497E+11,swimming,https://www.mactaggartleisurecentre.co.uk/,,,NAN
379,Crombie Park,Malcolm Road,AB14 0XB,,soccer,,,,AB140XB
380,Aberfoyle Bike Park,Rabbit Hill,,,cycling,http://www.biketrossachs.org.uk/aberfoyle-bike-park.html,,,NAN
381,Crieff Hydro Outdoor Activity Centre,,,,,,,,NAN
382,Hutchison Vale F.C. Community Sports Football Club,Ford's Road,,,soccer,https://www.hutchisonvale.com/,,,NAN
383,Portlethen Swimming Pool,Oak Drive,AB12 4UR,,swimming,,,,AB124UR
384,Cruyff Court Neale Cooper,,,,,,,,NAN
385,Aberdeen Indoor Bowling Club,Summerhill Road,AB15 6EE,,bowls,,,,AB156EE
386,Townholm Bowling Club,Townholm,KA3 1BB,+44 1563 521638,,,,,KA31BB
387,The Galleon Centre,Titchfield Street,KA1 1QY,+44 1563 524014,,https://www.galleoncentre.com/,,,KA11QY
388,Bo'ness Recreation Centre,,,,,,,,NAN
389,Thomson Park,,,,soccer,,,,NAN
390,North End Park,,,,soccer,,,,NAN
391,Downfield Park,,,,soccer,,,,NAN
392,Wormit & Newport Tennis Club,Bay Road,DD6 8LU,,tennis,https://clubspark.lta.org.uk/WormitNewportTennisClub,,,DD68LU
393,Waterstone Crook Sports Centre,,,,,,,,NAN
394,ON X,,,,multi,,,,NAN
395,Hibernian Football Club Training Ground,,,,soccer,,,,NAN
396,Merchiston Tennis Club,,,,,,,,NAN
397,Musselburgh Monarchs BMX Track,,,,cycling,https://musselburghbmx.wordpress.com/,,,NAN
398,Bruce Street Baths,,,,,,,,NAN
399,Renfrew Victory Baths,Inchinnan Road,PA4 8ND,+44 300 3000250,,http://www.renfrewshireleisure.com/centre/renfrew.asp,,"Mo 08:45-21:00, Tu 12:00-21:00, We 12:00-20:00, Th 12:00-19:30, Fr 08:45-19:00, Sa-Su 09:00-13:00",PA48ND
400,,,,,,,,,NAN
401,Letham Centre,Tweedsmuir Road,PH1 2HJ,,,,,,PH12HJ
402,,,,,soccer,,,,NAN
403,,,,,,,,,NAN
404,Foresters Park,,,,soccer,,,,NAN
405,,,,,,,,,NAN
406,,,,,,,,,NAN
407,Newbyres Park,,,,soccer,,,,NAN
408,,,,,,,,,NAN
409,Maryfield Park,,,,soccer,,,,NAN
410,,,,,,,,,NAN
411,Erskine Swimming Pool,,,,swimming,,,,NAN
412,New Pebble Park,,,,soccer,,,,NAN
413,Ardeer Stadium,,,,soccer,,,,NAN
414,Winton Park,,,,soccer,,,,NAN
415,Dunterlie Park,,,,soccer,,,,NAN
416,Beechwood Park,,,,soccer,,,,NAN
417,Gordon Fox Dance Academy,,,,,,,,NAN
418,Barnton Park Lawn Tennis Club,,,,tennis,,,,NAN
419,Crookmoss Bowling Club,Glenmuir Place,KA8 9RN,+44 1292 265601,,,,,KA89RN
420,Whitletts Activity Centre,Glenmuir Place,KA8 9RW,,,,,,KA89RW
421,Ayt Wattfield Bowling Club,Wattfield Road,,,bowls,,,,NAN
422,Ayr Lawn Tennis Club,Southpark Road,,,tennis,,,,NAN
423,Ayr Seafield Bowling Club,Carwinshoch View,KA7 4AY,+44 1292 619796,,www.ayrseafieldbc.co.uk,,,KA74AY
424,Hazeldean Riding Centre,,,,equestrian,,,,NAN
425,Milngavie and Bearsden Sports Club,,,,tennis; squash; hockey; shinty; archery,,,,NAN
426,Kings Links Golf Centre,Golf Road,AB24 1RZ,,golf,,,,AB241RZ
427,Denwood Target Shooting Centre,,,,shooting,,,,NAN
428,,,,,,,,,NAN
429,,,,,,,,,NAN
430,,,,,,,,,NAN
431,Bouncestation,Mackintosh Place,KA11 4JT,,fitness;basketball;football,,,,KA114JT
432,Bouncestation,Mackintosh Place,KA11 4JT,,fitness;basketball;football,,,,KA114JT
433,Newtongrange Leisure Centre,,,,multi,https://www.midlothian.gov.uk/info/200246/newtongrange_leisure_centre,,,NAN
434,The Lasswade Centre,Eskdale Drive,EH19 2LA,,multi,https://www.midlothian.gov.uk/info/200255/the_lasswade_centre,,,EH192LA
435,Leith Victoria Swim Centre,,,+44 131 555 4728,swimming,https://www.edinburghleisure.co.uk/venues/leith-victoria-swim-centre/how-find-us/,info.lvsc@edinburghleisure.co.uk,,NAN
436,Kirkcaldy Leisure Centre,,,,multi,,,,NAN
437,Dundee International Sports Centre,Mains Loan,,,,,,,NAN
438,Muirkirk Games Hall,,,,,,,,NAN
439,Grangemouth Bowling Club,,,,bowls,,,,NAN
440,Visions Leisure Centre,,,,,,,,NAN
441,RYZE Ultimate Trampoline Park,,,,,,,,NAN
442,Ward Road Gym Sports Development,,,,multi,,,,NAN
443,,,,,,,,,NAN
444,Gairloch Leisure Centre,,,,,,,,NAN
445,,,,,swimming,,,,NAN
446,Oriam,,,,,,,,NAN
447,Kirkcaldy Lawn Tennis Club,,,,,,,,NAN
448,Ryan Centre,Fairhurst Road,DG9 7AP,+44 1776 703535,swimming;fitness;multi,https://www.dumgal.gov.uk/ryancentre,ryancentre@dumgal.gov.uk,,DG97AP
449,,,,,swimming,,,,NAN
450,The Mercat Gait Centre,,,,swimming,,,,NAN
451,Nae Limits,,PH9 0LG,,adventure,,,,PH90LG
452,Loanhead Bowling Club,,,,bowls,,,,NAN
453,Oriam,,EH14 4AS,,soccer;rugby_union,,,,EH144AS
454,,,,,,,,,NAN
455,Arbroath Sports Centre,,,,swimming;squash;fitness,,,,NAN
456,,,,,bowls,,,,NAN
457,Saltire Sports Centre,,,,,,,,NAN
458,Scottish National Equestrian Centre,,,,equestrian,,,,NAN
459,Sports Hall,,,,,,,,NAN
460,Larbert Bowling Club,,,,bowls,,,,NAN
461,David Lloyd Clubs,Ethiebeaton Park,DD5 4HB,,,https://www.davidlloyd.co.uk/clubs/dundee/,,,DD54HB
462,,,ML11 7RR,+44 7956 046506,equestrian,,,,ML117RR
463,,,,,,,,,NAN
464,Stonehaven Leisure Centre,,,+44 1569 690569,multi;swimming;fitness,https://www.livelifeaberdeenshire.org.uk/sport-and-physical-activity/venues/stonehaven-leisure-centre/,,,NAN
465,Tweedbank Indoor Bowling Club,Tweedbank View,TD1 3RS,,bowls,,,,TD13RS
466,Tweedbank Outdoor Sports Complex,,,,,,,,NAN
467,Tweedbank Sports Complex,Tweedbank View,TD1 3RS,,,,,,TD13RS
468,Banchory Sports Centre,,,,,,,,NAN
469,Avertical World,,,+44 1382 201 901,climbing,https://www.averticalworld.co.uk/,,,NAN
470,Edinburgh Sports Club,,,,tennis,,,,NAN
471,Armadale Swimming Pool,,,,swimming,,,,NAN
472,Pro-Soccer,,,,soccer,,,,NAN
473,Xcite Broxburn,,,,,,,,NAN
474,Stewartfield Pavilion,,,,,,,,NAN
475,Buchan Park Bowling Club,Greendykes Road,EH52 5BS,,bowls,,,,EH525BS
476,Buchan Park Bowling Pavilion,Greendykes Road,,,,,,,NAN
477,Gourock Outdoor Swimming Pool (seasonal) and Gym,,,,swimming;fitness,https://www.inverclydeleisure.com/facilities/gourock-pool/,,,NAN
478,Blackburn Bowling Club,Bathgate Road,EH47 7LW,,bowls,,,,EH477LW
479,Get active @ Northfield,Kettlehills Crescent,AB16 5TL,+44 1224 214494,fitness;multi;swimming,https://www.sportaberdeen.co.uk/venues/get-active-northfield,GetActiveatNorthfield@sportaberdeen.co.uk,"Mo-Fr 06:00-22:00; Sa,Su 08:00-18:00",AB165TL
480,Sports Activity Area,,,,archery,,,,NAN
481,Mayfield Sports Centre,Arbroath Road,DD4 7HS,+44 1382 454987,multi,https://www.mayfieldsportscentre.co.uk/,enquiries@mayfieldsportscentre.co.uk,Mo-Fr 18:00-22:00; Sa-Su 09:00-19:00,DD47HS
482,Stonehaven Open Air Pool,,AB39 2RD,,swimming,https://www.stonehavenopenairpool.co.uk/,,,AB392RD
483,Cults Sports Complex,Quarry Road,AB15 9TP,+44 1224 866282,"badminton,_basketball,_soccer,_swimming",https://www.sportaberdeen.co.uk/venues/cults-sports-complex/,,Mo-Fr 17:00-22:30; Sa-Su 08:30-17:00,AB159TP
484,Huntershill Playing Field,,,,,,,,NAN
485,Clarkston Bowling and Tennis Club,,,,,,,,NAN
486,Merkland Outdoor Recreation Centre,Merkland Crescent,G66 3SN,+44 141 776 6871,Outdoor,,,,G663SN
487,Rose Reilly Sports Centre,,,,,,,,NAN
488,Skelf Bike Track,Bowmont Place,EH8 9RY,,cycling,http://theskelf.org.uk,,,EH89RY
489,,,,,,,,,NAN
490,Cupar Sports Centre,Carslogie Road,KY15 4HY,,,https://www.fifeleisure.org.uk/locations/cupar/,,,KY154HY
491,,,,,,,,,NAN
492,Forrestburn Speed Hillclimb,,,,motor,,,,NAN
493,,,,,,,,,NAN
494,Polmont Sports Centre,,,,,https://www.falkirkleisureandculture.org/venues/polmont-sports-centre/,,,NAN
495,Tryst Sports Centre,,,,,,,,NAN
496,North Baths,,,,,,,,NAN
497,Clydebank Bowling Club,John Knox Street,G81 1ND,,bowls,,,,G811ND
498,Uphall Station Bowling Pavilion,,,,,,,,NAN
499,Kirkcaldy Squash Club,,,,squash,,,,NAN
500,,,,,,,,,NAN
501,Greenhills Sports Centre,,,,,,,,NAN
502,West Calder Bowling Club,,,,bowls,,,,NAN
503,Melrose Waverley Lawn Tennis Club,,,,tennis,,,,NAN
504,University of Glasgow Sport,,,,,https://www.gla.ac.uk/sport/,,,NAN
505,Tullibody Civic Centre,,,,,,,,NAN
506,East Calder Bowling Club,,,,bowls,,,,NAN
507,Saltcoats Bathing Pond,,,,,,,,NAN
508,Etko Sports Academy,,,,gymnastics;wrestling,,,,NAN
509,Axis Centre,School Road,,,,,,,NAN
510,Duncansfield,,,,soccer,,,,NAN
511,Carmuirs Park,,,,soccer,,,,NAN
512,Hamilton Park,,,,,,,,NAN
513,World of Football,Marine Drive,EH4 5EJ,,soccer,https://www.worldoffootball.com/marine-drive,,,EH45EJ
514,Westfield Park,,,,soccer,,,,NAN
515,Willow Bank Bowling Club,Dowanside Road,G12 9DW,,bowls,,,,G129DW
516,New Dundas Park,,,,soccer,,,,NAN
517,Greengairs Bowling Club,,,,,,,,NAN
518,Get active @ Jesmond,Jesmond Drive,AB22 8UR,+44 1224 507755,fitness,,GetactiveatJesmond@sportaberdeen.co.uk,Mo-Fr 06:00-22:00; Sa-Su 08:00-18:00,AB228UR
519,Raydale Park,,,,soccer,,,,NAN
520,Craignish Boat Club,,,,sailing,,,,NAN
521,Volunteer Park,,,,soccer,,,,NAN
522,Turriff Sports Centre & Swimming Pool,,,,,,,,NAN
523,,,,,soccer;football,,,,NAN
524,Auchterhouse Country Sports,,DD3 0QN,+44 1382 320476,shooting;quad_biking;paintball;tank_driving;archery,https://www.auchterhousecountrysports.co.uk/,info@auchterhousecountrysports.co.uk,,DD30QN
525,Sports Barn,,,,,,,,NAN
526,Law Bowling Club,,,,bowls,,,,NAN
527,Ferguson Park,,,,soccer,,,,NAN
528,,,,,,,,,NAN
529,New Tinto Park,,,,soccer,,,,NAN
530,Beechwood Park,,,,soccer,,,,NAN
531,,,,,,,,,NAN
532,Islecroft Stadium,,,,soccer,,,,NAN
533,Meadow Park,,,,soccer,,,,NAN
534,Recreation Ground,Langlands Road,KY16 8BN,,soccer,,,,KY168BN
535,St Mary's Park,Castledykes Road,DG6 4AW,,soccer,,,,DG64AW
536,KG Stadium,,,,soccer,,,,NAN
537,Glenesk Park,,,,soccer,,,,NAN
538,Tulloch Park,Tulloch Road,PH1 2RW,,soccer,,,,PH12RW
539,Riverside Stadium,Bute Drive,PH1 3BG,,soccer,,,,PH13BG
540,FCAG Boat House,,,,canoe;kayak,,,,NAN
541,,,,,,,,,NAN
542,Newlandsfield Park,,,,soccer,,,,NAN
543,Kirkhill Bowling Club,,,,bowls,,,,NAN
544,Moorside Park,,,,soccer,,,,NAN
545,Keir's Park,,,,soccer,,,,NAN
546,Parkview,,,,soccer,,,,NAN
547,Dunfermline Tennis and Bridge Club,,,,,,,,NAN
548,Albert Park,,,,soccer,,,,NAN
549,New Southcroft Park,,,,soccer,,,,NAN
550,Campbell Park,,,,soccer,,,,NAN
551,Lochwinnoch Sports Centre,,,,,,,,NAN
552,Valefield,,,,soccer,,,,NAN
553,Bellsdale Park,,,,soccer,,,,NAN
554,Whitton Park,,,,soccer,,,,NAN
555,East of Scotland Kart Club,,,,karting,https://www.eskc.net/,,,NAN
556,Townhead Park,,,,soccer,,,,NAN
557,James McGrory Park,,,,soccer,,,,NAN
558,St Rollox Bowling Club,,,,,,,,NAN
559,Greenfield Park,,,,soccer,,,,NAN
560,New Advocates Park,,,,soccer,,,,NAN
561,Hillhead Centre,,,,,,,,NAN
562,Central Park,East Main Street,,,soccer,,,,NAN
563,Gibbshill Park,,,,soccer,,,,NAN
564,New Western Park,,,,soccer,,,,NAN
565,Christie Park,,,,soccer,,,,NAN
566,Craigie Park,Old Craigie Road,DD4 7HX,,soccer,,,,DD47HX
567,Lister Street Bowls,,,,bowls,,,,NAN
568,Olivebank Stadium,Market Street,EH21 6QA,,soccer,,,,EH216QA
569,Recreation Park,,,,soccer,,,,NAN
570,Station Park,,,,soccer,,,,NAN
571,Creamery Park,,,,soccer,,,,NAN
572,,,,,,,,,NAN
573,Portland Park,,,,soccer,,,,NAN
574,,,,,,,,,NAN
575,Grant Street Park,,,,soccer,,,,NAN
576,,,,,,,,,NAN
577,,,,,,,,,NAN
578,Hawkhead Bowling Club,,,,bowls,,,,NAN
579,Ralston Bowling Club,,,,bowls,,,,NAN
580,Ralston Training Complex,,,,soccer,,,,NAN
581,Knockhill Racing Circuit,,KY12 9TF,,motor,https://www.knockhill.com/,,,KY129TF
582,Albyn Park,,,,soccer,,,,NAN
583,Barrfields Stadium,,,,soccer,,,,NAN
584,Mackessock Park,,,,soccer,,,,NAN
585,Lowther Hills Ski Centre,Lowther Hills Road,ML12 6XW,,skiing,https://lowtherhills.com,,,ML126XW
586,Kirkintilloch Community Sports Complex,,,,soccer,,,,NAN
587,Cormack Park,,,,soccer,,,,NAN
588,Power League,,,,soccer,,,,NAN
589,Lady Octavia Sports Centre,,,,multi,,,,NAN
590,Fives,,,,soccer,,,,NAN
591,Grant Park,,,,soccer,,,,NAN
592,Rosebank Park,,,,soccer,,,,NAN
593,,,,,swimming,,,,NAN
594,Lochee Swimming & Leisure Centre,,,,swimming,,,,NAN
595,Holm Park,,,,soccer,,,,NAN
596,Gasworks Park,,,,soccer,,,,NAN
597,Harlaw Park,,,,soccer,,,,NAN
598,New Murrayfield Park,,,,soccer,,,,NAN
599,Kynoch Park,,,,soccer,,,,NAN
600,Dudgeon Park,,,,soccer,,,,NAN
601,Alex Collie Gymnastics Performance Centre,Cardens Knowe,AB22 8PE,,gymnastics,,,,AB228PE
602,Princess Royal Park,,,,soccer,,,,NAN
603,Canal Park,,,,soccer,,,,NAN
604,Lochee Community Sports Hub,,,,soccer,,,,NAN
605,Bowhill Leisure Centre,,,,,,,,NAN
606,Strikers Indoor Football,Broadfold Road,AB23 8EE,+44 1224 706007,five-a-side,https://www.strikersfootball.com/,,,AB238EE
607,Strathclyde Sport,Cathedral Street,G4 0RQ,,,https://www.strath.ac.uk/strathclydesport/,,,G40RQ
608,Victoria Park,,,,soccer,,,,NAN
609,Fullarton Park,Easterhill Street,,,soccer,,,,NAN
610,Spain Park,,,,soccer,,,,NAN
611,Fife Cycle Park,,,,cycling,https://cyclepark.fife.scot/,,,NAN
612,,,,,swimming,,,,NAN
613,Riverside Park,,,,rugby_union,,,,NAN
614,Douneside Health Club,,,,swimming;fitness,,,,NAN
615,The Quay Zone,Knockcushan Street,KA26 9AG,,swimming;fitness,,,,KA269AG
616,Christie Gillies Park,,,,soccer,,,,NAN
617,Cruyff Court Denis Law,,,,,,,,NAN
618,McKenna Park,,,,soccer,,,,NAN
619,Titwood Sports Ground,,,,,,,,NAN
620,Heathryfold Park,,,,soccer,,,,NAN
621,,,,,,,,,NAN
622,Lundin Sports Club,,,,,,,,NAN
623,Alliance Park,,,,soccer,,,,NAN
624,East Fife Indoor Bowling Club,,,,bowls,,,,NAN
625,Eastwood High School Pool & Games Hall,,,,multi,,,,NAN
626,Whitecraigs Tennis Club,,,,,,,,NAN
627,,,,,,,,,NAN
628,Wellmeadow Bowling Club,,,,bowls,,,,NAN
629,Portland Bowling Club,,,,bowls,,,,NAN
630,,,,,,,,,NAN
631,Albury Community Sports Hub,Albury Road,AB11 6TN,+44 1224 571683,tennis;bowls;croquet;petanque,https://alburyhub.org.uk,enquiries@alburyhub.org.uk,"Mo-Fr 15:00-21:00, Sa-Su 13:00-17:00",AB116TN
632,Ayrshire Athletic Arena,Queen's Drive,KA1 3XF,,multi,https://eastayrshireleisure.com/venue/ayrshire-athletics-arena/,,,KA13XF
633,Swimming Pool,Cliffton,IV22 2JU,,swimming,,,,IV222JU
634,Benarty Cycle Zone,,,,cycling,,,,NAN
635,Somervell Park,,,,soccer,,,,NAN
636,Blair Park,,,,soccer,,,,NAN
637,Dee Swimming Club,Gerrard Street,AB25 1HA,,swimming,,,,AB251HA
638,Meadow Park,,,,soccer,,,,NAN
639,Dam Park Stadium,,,,multi,,,,NAN
640,Brig O'Lea Stadium,,,,soccer,,,,NAN
641,Station Park,,,,soccer,,,,NAN
642,Blairmount Park,,,,soccer,,,,NAN
643,New Victoria Park,,,,soccer,,,,NAN
644,Keanie Park,,,,soccer,,,,NAN
645,Evanton Sports Centre,Drummond Road,IV16 9UY,,multi,,,,IV169UY
646,Inverbervie Sports Centre,Kirkburn,DD10 0RS,,,,,"Mo-Th 10:00-21:00; Fr 10:00-14:00,17:30-21:00",DD100RS
647,The Loading Bay,Borron Street,,,skateboard,,,,NAN
648,Trammonford Park,,,,soccer,,,,NAN
649,Merksworth Park,,,,soccer,,,,NAN
650,Seafield Community Bowling Club,,,,bowls,,,,NAN
651,,,,,,,,,NAN
652,Busby Bowling Club,,,,bowls,,,,NAN
653,Lost Shore Surf Resort,South Platt Hill,EH28 8AY,,surfing,https://www.lostshore.com/,,08:00-23:00,EH288AY
654,Toryglen National Football Centre,,,,,,,,NAN
655,Saughton Sports Complex,,,,multi;athletics;rugby;soccer,,,,NAN
656,Gytes Leisure Centre,Walkershaugh,EH45 8GL,,,,,,EH458GL
657,Craighead Park,,,,soccer,,,,NAN
658,Thorntonhall Tennis Club,,,,,,,,NAN
659,Troon Portland Bowling Club,,,,,,,,NAN
660,Troon Bowling Club,,,,,,,,NAN
661,Giffnock Tennis Club,,,,tennis,,,,NAN
662,Balgownie Sports Centre,,,,soccer;rugby_union;shinty,,,,NAN
663,,,,,,,,,NAN
664,Ravenscraig Regional Sports Facility,,,,,,,,NAN
665,Raemoss Park,,,,soccer,,,,NAN
666,Guy's Meadow Stadium,,,,soccer,,,,NAN
667,Moor Park,,,,soccer,,,,NAN
668,Keppoch Park,,,,soccer,,,,NAN
669,Robertson Park,,,,soccer,,,,NAN
670,King George VI Sports Complex,,,,,,,,NAN
671,Nithside Park,,,,soccer,,,,NAN
672,Ladywell Stadium,,,,soccer,,,,NAN
673,Victoria Park,,,,soccer,,,,NAN
674,Inverclyde Leisure Centre,,,,,,,,NAN
675,Port Glasgow Community Stadium,,,,soccer,,,,NAN
676,Donald Dewar Sports Centre,Garscadden road,G15 8SX,+44 141 276 0774,,,,Mo-Fr 09:00-21:00; Sa-Su 09:00-17:00,G158SX
677,Mount Vernon Bowling & Tennis Club,,,,tennis;bowls,,,,NAN
678,Newlands Lawn Tennis Club,,,,,,,,NAN
679,,,,,,,,,NAN
680,Seafield Park,,,,soccer,,,,NAN
681,Cowdenbeath Leisure Centre,Pit Road,KY4 9NN,,soccer;swimming;fitness,,,closed,KY49NN
682,Macduff Community & Sports Centre,,,,,,,,NAN
683,Kingshill Park,,,,soccer,,,,NAN
684,Brownlands Park,,,,soccer,,,,NAN
685,Erigmore Swimming Pool,,,,,,,,NAN
686,Burnside Park,,,,soccer,,,,NAN
687,Canniepairt,,,,soccer,,,,NAN
688,,,,,climbing,,,,NAN
689,Millburn Park,,,,soccer,,,,NAN
690,,,,,,,,,NAN
691,,,,,,,,,NAN
692,,,,,,,,,NAN
693,,,,,,,,,NAN
694,,,,,,,,,NAN
695,,,,,,,,,NAN
696,,,,,,,,,NAN
697,,,,,,,,,NAN
698,,,,,,,,,NAN
699,,,,,,,,,NAN
700,,,,,,,,,NAN
701,,,,,,,,,NAN
702,,,,,,,,,NAN
703,,,,,,,,,NAN
704,Bridge of Earn Tennis Club,,,,tennis,,,,NAN
705,Bridge of Earn Bowling Club,,,,bowls,,,,NAN
706,,,,,,,,,NAN
707,,,,,,,,,NAN
708,,,,,,,,,NAN
709,,,,,,,,,NAN
710,,,,,,,,,NAN
711,,,,,,,,,NAN
712,,,,,,,,,NAN
713,,,,,,,,,NAN
714,JD Sports,,,,,,,,NAN
715,Duns Swimming Pool,,,,,,,,NAN
716,,,,,,,,,NAN
717,Balbinnie Farm Recreation,,DD8 3PF,,swimming;fitness,,,,DD83PF
718,Kirkhill Bowling Club,Kirkhill Road,EH26 8JB,,bowls,https://www.kirkhillbowlingclubpenicuik.org.uk/,,,EH268JB
719,TeamSport Glasgow Clydebank,John Knox St,G81 1NA,,karting,https://www.team-sport.co.uk/go-kart-tracks/glasgow-clydebank,,,G811NA
720,UKPaintball Kilmarnock,,,,,,,,NAN
721,Banchory Sports Village,Provost Webster Road,AB31 5BL,,swimming;basketball;squash,,,,AB315BL
722,Shettleston Bowling Club,Culrain Street,G32 7AB,,bowls,,,,G327AB
723,,,,,bowls,,,,NAN
724,Belvidere Bowling Club,,,,bowls,,,,NAN
725,Bellfield park,,,,tennis,,,,NAN
726,,,,,bowls;tennis,,,,NAN
727,Northfield Outdoor Sports Centre,Kettlehills Crescent,AB16 5TL,+44 1224 507 720,multi,https://www.sportaberdeen.co.uk/venues/northfield-outdoor-sports-centre,sportsbookings@sportaberdeen.co.uk,,AB165TL
728,Selkirk Leisure Centre,Buccleuch Road,TD7 5DN,01750 20897,swimming;fitness,https://www.liveborders.org.uk/swimming/swimming-pools/selkirk-leisure-centre/,,,TD75DN
729,,,,,,,,,NAN
730,Kames Motorsport Circuit,Furnace Road,KA18 3QQ,,motor,,,,KA183QQ
731,Pittenweem Outdoor Pool,,,,,,,,NAN
732,Gavin Hamilton Sports Centre,,,,,,,,NAN
733,,,,,,,,,NAN
734,,,,,,,,,NAN
735,Sheddocksley Sports Centre,Springhill Road,AB16 6QJ,,,,,,AB166QJ
736,Albert Park,,,,,,,,NAN
737,Skirmish Paintball,,,,paintball,,,,NAN
738,Cardenden Motocross Track,,,,motor,,,,NAN
739,National Badminton Centre,Danes Drive,G14 9HD,,badminton,,,,G149HD
740,Scotstoun Sports Campus,Danes Drive,G14 9HD,,multi,,,,G149HD
741,Broomhill Farm Equestrian Centre,Broomhill,TD7 4PS,,equestrian,,,,TD74PS
742,Sir Chris Hoy Velodrome,London Road,G40 3HG,,multi,,,,G403HG
743,Peebles High School Games Hall,,,,,,,,NAN
744,Hillview Leisure Center,,,,,,,,NAN
745,Grosvenor Bowling Club,,,,bowls,,,,NAN
746,,,,,,,,,NAN
747,,,,,swimming;snooker,,,,NAN
748,,,,,,,,,NAN
749,The Meadows Squash,,,,squash,,,,NAN
750,,,,,swimming,,,,NAN
751,,,,,swimming,,,,NAN
752,,,,,,,,,NAN
753,Cellardyke Tidal Pool,,,,,https://www.cellardyketidalpool.com/,,,NAN
754,,,,,,,,,NAN
755,,,,,,,,,NAN
756,,,,,,,,,NAN
757,,,,,,,,,NAN
758,,,,,,,,,NAN
759,Lamlash Bowling Club,,,,bowls,,,,NAN
760,,,,,,,,,NAN
761,,,,,skateboard,,,,NAN
762,,,,,,,,,NAN
763,,,,,,,,,NAN
764,K-Park Training Academy,,,,soccer,,,,NAN
765,,,,,,,,,NAN
766,Lochranza Centre CIC,,KA27 8HL,,,,,,KA278HL
767,Goals,,,,soccer,,,,NAN
768,YMCA,Skene Terrace,AB10 1RP,,,,,,AB101RP
769,Stepford Football Centre,,,,,,,,NAN
770,Polmonthill Snowsports Centre,,,,skiing,,,,NAN
771,,,,,soccer,,,,NAN
772,Falkirk Bowling Club,Cochrane Street,FK1 1QB,,bowls,https://www.facebook.com/FalkirkBC/?locale=en_GB,,,FK11QB
773,Tain Motorcross Track,,,,motocross,,,,NAN
774,,,,,,,,,NAN
775,,,,,,,,,NAN
776,,,,,,,,,NAN
777,Smart Kart Raceway,,,,karting,https://smartkartraceway.co.uk/,,,NAN
778,Moray Sports Centre,,,,,,,,NAN
779,Firing Range,,,,shooting,,,,NAN
780,Sport & Wellbeing Hub,,,,swimming;fitness;badminton,,,,NAN
781,,,,,,,,,NAN
782,Menzieshill Community Hub,Dickson Avenue,DD2 4TQ,+44 1382 432968,multi,https://www.dundeecity.gov.uk/community-centres-in-dundee/menzieshill-community-hub,menzieshilladmin@dundeecity.gov.uk,Mo-Fr 09:00-22:00; Sa 09:00-18:00; Su 09:00-21:00,DD24TQ
783,The Synergy Arena,,,,soccer,,,,NAN
784,Gleaner Arena,Boroughbriggs Road,,,soccer,,,,NAN
785,David Lloyd Clubs,,,,,,,,NAN
786,,,,,,,,,NAN
787,,,,,bowls,,,,NAN
788,,,,,sailing,,,,NAN
789,,,,,,,,,NAN
790,Blue Ridge Equestrian,,FK1 3AT,,equestrian,https://www.blueridgeequestrian.co.uk/,,,FK13AT
791,,,,,,,,,NAN
792,Broughty Ferry Tennis Club,Elcho Drive,,,tennis,http://bftc.co.uk,,,NAN
793,,,,,,,,,NAN
794,,,,,,,,,NAN
795,,,,,,,,,NAN
796,,,,,,,,,NAN
797,Back Football & Recreation Club,,,,soccer,,,,NAN
798,Castle Pool,,,,,,,,NAN
799,The Trinkie Outdoor Swimming Pool,,,,,,,,NAN
800,,,,,,,,,NAN
801,,,,,,,,,NAN
802,,,,,,,,,NAN
803,,,,,,,,,NAN
804,Buckie Swimming Pool & Fitness Centre,,,,swimming;multi;fitness,,,,NAN
805,Allander Leisure Centre,,,,swimming,,,,NAN
806,,,,,,,,,NAN
807,,,,,,,,,NAN
808,,,,,,,,,NAN
809,,,,,,,,,NAN
810,Moray Bowling Club,Seafield Street,IV30 1QZ,,bowls,,,,IV301QZ
811,Elgin Tennis Club,Duff Avenue,IV30 1QS,,tennis,,,,IV301QS
812,David Lloyd Edinburgh Shawfair,,,,,,,,NAN
813,Helensburgh Leisure Centre,West Clyde Street,G84 8SQ,+44 1436 672224,swimming;fitness,https://liveargyll.co.uk/facility/helensburgh-leisure-centre/,helensburghpool@liveargyll.co.uk,Mo-Fr 06:30-21:45; Sa-Su 08:00-18.00,G848SQ
814,Balmedie Leisure Centre,,,,,,,,NAN
815,,,,,,,,,NAN
816,Elgin Bowling Club,Reidhaven Street,IV30 1QG,,bowls,,,,IV301QG
817,,,,,,,,,NAN
818,,,,,,,,,NAN
819,,,,,,,,,NAN
820,Fettes low ropes course,,,,climbing_adventure,,,,NAN
821,Lewis Car Club Track,,,,motor,,,,NAN
822,,,,,,,,,NAN
823,Cathcart Bowling Club,,,,,,,,NAN
824,,,,,,,,,NAN
825,North of Scotland Kart Club,,,,karting,,,,NAN
826,Grampian Kart Club,,,,karting,http://www.grampiankartclub.com/,,,NAN
827,,,,,,,,,NAN
828,Dalgety Bay Bowling Club,,,,bowls,,,,NAN
829,Giffnock North Amateur Athletic Club,,,,,,,,NAN
830,,,,,,,,,NAN
831,Hillington Estate Bowling Club,,,,bowls,,,,NAN
832,Ibrox Football Centre,,,,,,,,NAN
833,David Lloyd Clubs,,,,,,,,NAN
834,,,,,,,,,NAN
835,,,,,,,,,NAN
836,,,,,,,,,NAN
837,Recreation Park,,,,soccer,,,,NAN
838,Larkhall Circuit,,,,karting,https://larkhallcircuit.com/,,,NAN
839,Linthouse Bowling Club,Drumoyne Avenue,G51 4AP,,bowls,,,,G514AP
840,Playsport,,,,,,,,NAN
841,,,,,,,,,NAN
842,Linwood Sports Centre,,,,,,,,NAN
843,,,,,,,,,NAN
844,,,,,,,,,NAN
845,,,,,,,,,NAN
846,Bearsden Lawn Tennis Club,,,,tennis,,,,NAN
847,West of Scotland Football Club,,,,club,,,,NAN
848,Allander Leisure Centre,,,,,,,,NAN
849,Bearsden Snowsports Club,,,,,,,,NAN
850,Milngavie Fitness & Wellbeing Gym,Strathblane Road,G62 8HJ,+44 141 955 2400,multi,,,Mo-Fr 06:30-22:00; Sa-Su 07:30-21:00,G628HJ
851,,,,,,,,,NAN
852,John Wright Sports Centre,,,,,,,,NAN
853,Busby Tennis Club,,,,tennis,,,,NAN
854,Oriam Indoor Tennis Centre (ITC),,,,,,,,NAN
855,Glasgow Indoor Bowling Club,,,,bowls,,,,NAN
856,,,,,,,,,NAN
857,,,,,,,,,NAN
858,Renfrew Leisure Centre,Paisley Road,PA4 8LJ,+44 300 3000250,,,,,PA48LJ
859,SoccerWorld,Old Glamis Road,DD3 8LF,+44 1382 816888,soccer,https://soccerworlduk.com/soccerworld-dundee,dundee@soccerworlduk.com,"Mo-Fr 16:00-21:00; Sa,Su 10:00-16:00",DD38LF
860,,,,,,,,,NAN
861,,,,,,,,,NAN
862,,,,,,,,,NAN
863,,,,,,,,,NAN
864,,,,,,,,,NAN
865,Alistair McCoist Sports Centre,Quarry Road,G75 9LW,,,,,09:00-22:00,G759LW
866,Darnley Bowling Club,,,,,,,,NAN
867,,,,,,,,,NAN
868,Shanks Bowling Club,,,,,,,,NAN
869,,,,,,,,,NAN
870,Meikleriggs Bowling Club,,,,,,,,NAN
871,Bishopbriggs Bowling Club,,,,,,,,NAN
872,,,,,,,,,NAN
873,Auchinairn Bowling Club,,,,,,,,NAN
874,,,,,,,,,NAN
875,,,,,,,,,NAN
876,Burnbank Bowling Club,,,,bowls,,,,NAN
877,,,,,,,,,NAN
878,Galloway Activity Centre,,,,sailing;windsurfing;powerboating;kayaking;canoeing;lasertag;climbing;zipline;mountain_biking;archery,https://www.lochken.co.uk/,,,NAN
879,,,,,,,,,NAN
880,,,,,climbing_adventure,,,,NAN
881,Neilston Leisure Centre,,,,swimming,,,,NAN
882,Hampden Bowling Club,,,,bowls,,,,NAN
883,,,,,,,,,NAN
884,Inverness Leisure,Bught Lane,IV3 5SS,+44 1463 667500,multi,http://www.invernessleisure.co.uk/,,,IV35SS
885,,,,,,,,,NAN
886,Aviemore Highlands Resort,,,,swimming,,,,NAN
887,,,,,,,,,NAN
888,,,,,,,,,NAN
889,,,,,,,,,NAN
890,Barrhead Bowling Club,,,,,,,,NAN
891,Osprey Park,,,,,,,,NAN
892,,,,,,,,,NAN
893,,,,,,,,,NAN
894,,,,,,,,,NAN
895,Partick Bowling Club,,,,,,,,NAN
896,,,,,,,,,NAN
897,,,,,shooting,,,,NAN
898,,,,,,,,,NAN
899,Dunkeld and Birnam Sports and Leisure Hub,,,,,,,,NAN
900,,,,,,,,,NAN
901,,,,,,,,,NAN
902,Alien Bloc,,,+44 131 558 9955,climbing,https://www.alienrock.co.uk/alien_bloc_pages/alien_bloc_about/alien_bloc_about.html,aliens@alienrock.co.uk,,NAN
903,,,,,,,,,NAN
904,,,,,,,,,NAN
905,,,,,,,,,NAN
906,,,,,,,,,NAN
907,,,,,,,,,NAN
908,,,,,,,,,NAN
909,,,,,,,,,NAN
910,,,,,,,,,NAN
911,,,,,,,,,NAN
912,,,,,,,,,NAN
913,Antonine Sports Centre,,,,,,,,NAN
914,Wild Shore Dundee,,DD1 3JP,,water_sports,https://www.wildshoredundee.co.uk/aqua-park,,,DD13JP
915,,,,,,,,,NAN
916,,,,,,,,,NAN
917,Golf It!,Cumbernauld Road,G33 1AH,+44 141 726 2444,golf,https://www.golf-it.com/,,Apr 01-Sep 30: Mo 12:00-21:00; Tu-Su 10:00-21:00; Oct 01-31 Mar: Mo 12:00-20:00; Tu-Fr 10:00-20:00; Sa-Su 10:00-18:00,G331AH
918,Leith Victoria Swim Centre,,,,,,,,NAN
919,,,,,,,,,NAN
920,,,,,,,,,NAN
921,,,,,swimming,,,,NAN
922,,,,,swimming,,,,NAN
923,Inverness Aquadome,,,,swimming,,,,NAN
924,,,,,climbing,,,,NAN
925,Firbush Outdoor Centre,,,,multi,https://www.ed.ac.uk/schools-departments/sport-exercise/outdoor-centre,,,NAN
926,Nevis Range Mountain Resort,,,,,https://www.nevisrange.co.uk/,,,NAN
927,Lochinver Leisure Centre,,,,multi,,,,NAN
928,,,,,canoe,,,,NAN
929,Uddingston Sports Centre,,,,,,,,NAN
930,Prestwick Sailing Club,,,,sailing,,,,NAN
931,,,,,,,,,NAN
932,Keir Hardie Sports Centre,,,,,,,,NAN
933,,,,,tennis,,,,NAN
934,Pool@ISE,,,,,,,Mo-Fr 07:00-21:30; Sa-Su 08:30-17:30,NAN
935,Hunters Quay Holiday Village Leisure Centre,,,,swimming,,,,NAN
936,board and  bike ramps,,,,,,,,NAN
937,Nairn Swimming Pool,,,,swimming,https://www.highlifehighland.com/nairn-leisure-centre/swimming-pool/,,,NAN
938,"Peterhead Community, Theatre and Leisure Centre",,,,,,,,NAN
939,Maryhill Leisure Centre,Gairbriad Avenue,G20 8YE,,swimming; dance; gym,,,,G208YE
940,North Merchiston Club,Watson Crescent,EH11 1EP,+44 131 662 1757,,,,,EH111EP
941,Borlum Farm,,,,equestrian,,,,NAN
942,Lecht Ski Centre,,,,skiing,,,,NAN
943,South Mainland Pool,,,,,,,,NAN
944,Govanhill Baths,,,,,,,,NAN
945,Carrick Sports Centre,,,,,,,,NAN
946,Aizle Active,,,,,,,,NAN
947,Loanhead Swimming Pool,George Avenue,EH20 9LA,,swimming,,,,EH209LA
948,Balavil Sport Hotel Pool,,,,,,,,NAN
949,Averon Centre,,,,,,,,NAN
950,Invergordon Swimming Pool,,,,,,,,NAN
951,Port Bannatyne Petanque Club,,,,boules,,,,NAN
952,The Penicuik Centre,,,,swimming,,,,NAN
953,RGU: Sport,,,,,,,,NAN
954,,,,,swimming,,,,NAN
955,Rutherglen Lifestyle,,,,swimming,,,,NAN
956,,,,,swimming,,,,NAN
957,,,,,,,,,NAN
958,,,,,,,,,NAN
959,Free Wheel North Cycling Centre,Glasgow Green,G40 1AT,,cycling,,,,G401AT
960,,,,,swimming,,,,NAN
961,Western Baths,Cranworth Street,G12 8BZ,+44 141 576 0294,swimming,https://thewesternbaths.co.uk/,reception@thewesternbaths.co.uk,,G128BZ
962,,,,,swimming,,,,NAN
963,The Newsroom - The Climbing Academy,Portman Street,G41 1EJ,+44 141 429 6331,climbing,https://www.theclimbingacademy.com/locations/the-newsroom/,glasgow@theclimbingacademy.com,Mo-Fr 07:00-22:00; Sa-Su 08:00-20:00,G411EJ
964,Ionad Spòrs Eilean na Hearadh,,,,,https://www.cne-siar.gov.uk/leisure-sport-and-culture/sport-and-health/sports-centres/isle-of-harris-sports-centre/,,,NAN
965,,,,,soccer,,,,NAN
966,,,,,gymnastics,,,,NAN
967,Bilco's play barn,,,,,,,,NAN
968,,,,,,,,,NAN
969,,,,,,,,,NAN
970,Bikram Yoga College of India,,,,,http://www.bikramyogaedinburgh.co.uk/,,,NAN
971,Leith Victoria AAC,Academy Street,,+44 131 333 1112,boxing,http://www.leith-victoria-aac.com/,,,NAN
972,Reardons New City Snooker Club,New City Road,,,snooker,https://www.reardonsnookerandpool.com/,,,NAN
973,Hillside Bowling Club,Brunton Place,,,boules,,,,NAN
974,Ashtanga Yoga,Montgomery Street Lane,EH7 5JT,,yoga,https://www.ashtangayogaedinburgh.co.uk/,info@ashtangayogaedinburgh.co.uk,,EH75JT
975,KBC Pilates,Cadzow Place,,+44 131 652 1888,,http://www.kbcpilates.com/,,,NAN
976,YMCA,Chesser Avenue,,,,,,,NAN
977,,,,,,,,,NAN
978,,,,,gym,,,,NAN
979,Locarno Snooker,,,,billiards,,,,NAN
980,North Coast Leisure Centre,,,,swimming,,,,NAN
981,Edinburgh TEBA Boxing Academy,West Harbour Road,EH5 1PN,+44 7858 301377,,http://theedinburghboxingacademy.co.uk/,,,EH51PN
982,,,,,outdoor_activities,,,,NAN
983,The Fitness Academy,Clerk Road,EH26 9EY,,fitness,,,,EH269EY
984,Scottish Squash Rackets Club,,,,Squash,http://scottishsquashracketsclub.co.uk/,,,NAN
985,Lasswade Swimming Pool,,,,swimming,,,,NAN
986,Tain Royal Academy Community Complex,,,,,,,,NAN
987,Fauldhouse Swimming Pool,,,,swimming,,,,NAN
988,Xcite Fauldhouse,,,,,,,,NAN
989,Gracemount Leisure Centre Pool,,,,,,,,NAN
990,Fitness Soul Studio,Tennant Street,,,,https://fitnesssoul.co.uk/,,,NAN
991,The Club,West Bowling Green Street,,+44 131 555 4578,,https://www.theclubedinburgh.co.uk/,,,NAN
992,Boroughmuir Rugby and Community Sports Club,Meggetland Wynd,,,,,,,NAN
993,Jordan Kynoch Fitness,Queensferry Road,,+44 771 718 3849,,http://www.jordankynochfitness.co.uk/,jordan.kynoch@hotmail.co.uk,,NAN
994,Han Wong Tae Kwon Do Academy,Thornybauk,EH3 9QH,+44 787 648 8309,taekwondo,http://www.hanwong.co.uk/,,,EH39QH
995,Aker Active,,,,,,,,NAN
996,Institute of Sport & Exercise,Old Hawkhill,,+441382 384122,,https://www.dundee.ac.uk/ise/,ise@dundee.ac.uk,Mo-Fr 07:00-21:30; Sa-Su 08:30-17:30,NAN
997,Glasgow Club,Argyle Street,G3 8AW,+44 141 276 1450,,https://glasgowclub.org/Venues/Pages/venue-details.aspx?vn=SRKHI,,Mo-Fr 06:00-22:00; Sa 08:00-18:00; Su 08:00-20:00,G38AW
998,Carron Valley Fishery,,,,fishing,,,,NAN
999,Lagan Wolftrax,,PH20 1BU,,cycling,https://www.lagganforest.com/,,,PH201BU
1000,Frame,,,,snooker,,,,NAN
1001,Forrester RFC,,,+44 131 334 6981,rugby,,,,NAN
1002,Quadmania Scotland,Blairmore,PA23 8TP,,archery;quad_biking;shooting,https://www.quadmaniascotland.co.uk/,,,PA238TP
1003,Melrose Football Club,,,,soccer,,,,NAN
1004,Ionad Spòrs Lionacleit,,,,,https://www.cne-siar.gov.uk/leisure-sport-and-culture/sport-and-health/sports-centres/sgoil-lionacleit-sports-centre/,,,NAN
1005,Bracoden Swimming Pool,,,,,,,,NAN
1006,Breadalbane Community Campus Swimming Pool,Crieff Road,PH15 2DU,,,https://www.liveactive.co.uk/,,"Mo-Fr 07:00-21:30, Sa-Su 08:00-16:30",PH152DU
1007,,,,,swimming,,,,NAN
1008,,,,,,,,,NAN
1009,Glenshee Ski Centre,,,,,https://www.ski-glenshee.co.uk/,,,NAN
1010,Tillyoch Equestrian Centre,,,,equestrian,,,,NAN
1011,Wester Hailes Education Centre,Murrayburn Drive,,,swimming,,,,NAN
1012,Waterski & Wakeboard Scotland,,,,,,,,NAN
1013,Newbattle Leisure Centre,,,,multi,,,,NAN
1014,Comrie Croft Trails,,,,cycling;mtb,,,,NAN
1015,Skills Park,,,,cycling;mtb,,,,NAN
1016,Tarland Trails,,,,cycling;mtb,,,,NAN
1017,Loch Lomond Watersports,,,,,https://lochlomond-scotland.com,,,NAN
1018,Sports Facility,,,,,,,,NAN
1019,,,,,swimming,,,,NAN
1020,Duloch Leisure Centre,,,,,,,,NAN
1021,The Climbing Hangar,East Telferton,EH7 6XD,0131 370 3100,climbing,,edinburgh@theclimbinghangar.com,"Mo,Tu,Th 10:00-22:00; We 06:30-22:00; Fr 06:30-21:00; Sa,Su 09:00-19:00",EH76XD
1022,Air Thrill,,FK2 7XF,,trampoline,,,,FK27XF
1023,,,,,swimming,,,,NAN
1024,,,,,,,,,NAN
1025,,,,,,,,,NAN
1026,,,,,climbing,,,,NAN
1027,,,,,climbing,,,,NAN
1028,,,,,swimming,,,,NAN
1029,St Andrews Links Golf Academy,,,,golf,,,,NAN
1030,,,,,,,,,NAN
1031,Eden Rock Edinburgh,Edgefield Road Industrial Estate,EH20 9TB,+44 131 2856044,climbing,https://www.edenrockclimbing.com/,,,EH209TB
1032,,,,,equestrian,,,,NAN
1033,Swimming Pool,,,,,,,,NAN
1034,,,,,swimming,,,,NAN
1035,Ryan Centre Swimming Pool,,,,,https://www.dumgal.gov.uk/article/15720/Ryan-Centre-Swimming-Pool,,,NAN
1036,The Prop Store - The Climbing Academy,Craigmont Street,G20 9BT,+44 141 429 6331,climbing,https://www.theclimbingacademy.com/locations/the-prop-store/,glasgow@theclimbingacademy.com,Mo-Fr 08:00-22:00; Sa-Su 09:00-20:00,G209BT
1037,,,,,,,,,NAN
1038,Arran Community Sport Hub,,KA27 8NG,,multi,,,,KA278NG
1039,,,,,,,,,NAN
1040,,,,,,,,,NAN
1041,Buckie Swimming Pool & Fitness Centre,,,,,,,,NAN
1042,Aberdeen Grammar School Swimming Pool,,,,,,,,NAN
1043,Third Ridge,,,,climbing,https://www.third-ridge.com/,,,NAN
1044,TeamSport Go Karting Dundee,Myrekirk Road,DD2 4SH,,karting,https://www.team-sport.co.uk/go-kart-tracks/dundee,,,DD24SH
1045,Broughton & District Tennis Club,School Lane,ML12 6HQ,,tennis,https://clubspark.lta.org.uk/BroughtonDistrictTennisClub,tennisclubbroughton@gmail.com,,ML126HQ
1046,Hang On,,,+44 1698 281615,climbing,https://hangonclimbing.com/,info@hangonclimbing.com,,NAN
1047,Hatchet Harry's,South College Street,AB11 6JX,,indoor_axe_throwing,https://aberdeen.hatchetharrys.co.uk/,,,AB116JX
1048,Shotz,South College Street,AB11 6JX,,billiards,,,,AB116JX
1049,Aviemore Kart Raceway,,PH22 1QD,,karting,https://aviemorekartraceway.co.uk/,,,PH221QD
1050,Buchan Offroad Motorcycle Club,,,,motocross,http://www.buchanoffroad.co.uk/,,,NAN
1051,,,,,karting,,,,NAN
1052,,,,,,,,,NAN
1053,KO Kings,Dumbarton Road,,,boxing,,,,NAN
1054,"Arainn Fhinn, The Fingal Center Leisure Centre",Viewfield Road,IV51 9ET,,,https://www.highlifehighland.com/,,,IV519ET
1055,Fair City Jiu Jitsu,,,,,,,,NAN
1056,Dowden's Martial Arts,Burnhouse Industrial Estate,,,martial_arts,https://www.dma.scot/,,,NAN
1057,Shandon Pool and Snooker,Hermand Street,,,snooker;billiards,,,,NAN
1058,TKD Sport,,IV3 5SR,,taekwondo,https://tkdsport.co.uk/,,,IV35SR
1059,The Ball Room,,,,snooker,,,,NAN
1060,,,,,,,,,NAN
1061,Block 10,,,,climbing,,,,NAN
1062,Waverley Pool,Mansfield Road,TD9 8AG,,swimming,,,,TD98AG
1063,Laidlaw Memorial Pool,Oxnam Road,TD8 6QH,,swimming,,,,TD86QH
1064,,,,,,,,,NAN
1065,,,,,,,,,NAN
1066,,,,,,,,,NAN
1067,David Lloyd Clubs,,,,,,,,NAN
1068,Harestane Hydrotherapy Pool,,,+44 1382 813569,swimming,http://www.harestane-hydro.co.uk/,enquiries@harestane-hydro.co.uk,,NAN
1069,Aches &Gains Gym,,,,,,,,NAN
1070,Loch Earn Wakeschool,,FK19 8PU,+44 7943 620165,wakeboarding,https://www.lochearnwakeschool.co.uk/,,Mo-Su 10:00-18:00,FK198PU
1071,,,,,,,,,NAN
1072,,,,,,,,,NAN
1073,,,,,,,,,NAN
1074,,,,,,,,,NAN
1075,,,,,,,,,NAN
1076,3d Health and Fitness,Cambridge Street,G2 3HN,,,,,,G23HN
1077,Longcraig Scout Centre,,,,sailing,https://www.longcraig.info/,,,NAN
